munid_5,municipality_name
10014,
10049,
10146,
10189,
10197,
10219,
10227,
10260,
10294,
10308,
10324,
10359,
10375,
10391,
10405,
10421,
10448,
10472,
10499,
10529,
10545,
10570,
10588,
10600,
10626,
10634,
10685,
10715,
10731,
10766,
10774,
10839,
10847,
10863,
10871,
10928,
10987,
11045,
11061,
11088,
11100,
11118,
11126,
11142,
11177,
11207,
11231,
11240,
11258,
11266,
11274,
11282,
11304,
11312,
11339,
11428,
11452,
11479,
11487,
11495,
11509,
11517,
11525,
11533,
11541,
11550,
11568,
11576,
11584,
11606,
11614,
11622,
18800,
18900,
19000,
19100,
19400,
19500,
20010,
20028,
20036,
20044,
20052,
20079,
20087,
20095,
20109,
20117,
20125,
20133,
20141,
20150,
20168,
20206,
20214,
20222,
20249,
20257,
20265,
20273,
20281,
20290,
20303,
20311,
20320,
20346,
20354,
20362,
20389,
20397,
20427,
20435,
20451,
20460,
20478,
20486,
20494,
20508,
20524,
20532,
20559,
20567,
20575,
20583,
20591,
20605,
20613,
20630,
20648,
20656,
29200,
29400,
29500,
29600,
29700,
29800,
30163,
49800,
